rfc,razon_social,mision,predicted_ntee_code,gemini
AAA990305QJ1,ASOCIACION POR AMOR Y AMISTAD UN RAYITO DE LUZ IAP,BRINDAR UN SERVICIODE EXCELENTE CALIDAD A PERSONAS CON DISCAPACIDAD OFRECIENDO ATENCION ESPECIALIZADA EN EL CONCEPTO UNICO DE ESTANCIA Y CENTRO PSICOEDUCATIVO,P82,1
AAC150428V11,ALQUIMIA ARTE Y CULTURA AC,CONTRUIR UNA PLATAFORMA ABIERTA E INCLUSIVA DE FOMENTO A LA CULTURA Y LAS ARTES EN FAVOR DE LOS GENERADORES DEL ARTE Y LA SOCIEDAD,A20,1
AAC221220JH5,ASOCIACION ANCLA COMUNIDAD PARRAL AC,SER UN CENTRO EN DONDE SE PUEDEN DESARROLLAR E IMPLEMENTAR ESTRATEGIAS MULTIDISCIPLINARIAS QUE BENEFICIEN Y POTENCIEN EL BIENESTAR INTEGRAL DE LAS JUVENTUDES GENERANDO UN SENTIDO DE PERTENENCIA E IDENTIDAD,O50,1
AAF2011257C1,AMOR AL AFLIGIDO AC,SOMOS UNA INTITUCION DEDICADA AL CUIDADO DE LA SALUD QUE BRINDA  ATENCION A QUIENES SUFREN DE UNA ADICCION A TRAVES DE PROGRAMAS DE PREVENCION Y TRATAMIENTO DE PROBADA EFICACIA,F20,1
AAL230227N90,AUTISMO ALDAMA AC,PROMOVER EL BIENESTAR DE LAS PERSONAS CON TRANSTORNO DEL ESPECTRO AUTISTA Y DE SUS FAMILIAS,F84,1
AAS230306F38,ACCIONES CON AMOR Y SONRISAS AC,APOYAR INTEGRAMENTE A LAS PERSONAS AMPUTADAS PARA QUE VIVAN PLENAMENTE PROPORCIONANDO ACCESO A PROTESIS Y RECURSOS SIEMPRE TRABAJANDO DE LA MANO CON PERSONAS SOLIDARIAS BUSCAMOS QUE NUESTRA COMUNIDAD TENGA LA ATENCION Y EL APOYO NECESARIOS PARA ALCANZAR NUESTRO PROPOSITO,P50,1
ABC100318PV8,AUTI BAJA CALIFORNIA FUNDACION INTERNACIONAL AC,PROMOVER LA REHABILITACIÓN DE NIÑOS Y JÓVENES DENTRO DEL ESPECTRO AUTISMO Y LA INCLUSIÓN SOCIAL CON PROGRAMAS CIENTÍFICOS,F30,1
ABU181203IH8,ABUELITOS ABP,QUE NINGUN HERMANO MAYOR ESTE SOLO,P81,1
ACC1709068K7,ASOCIACION CUIDAR CORAZON AC,TIENE COMO PROPÓSITO SOCIAL BRINDAR UNA ATENCIÓN INTEGRAL Y DE CALIDAD QUE FOMENTE EL SANO DESARROLLO Y LA INCLUSIÓN A LA SOCIEDAD DE NIÑOS NIÑAS Y ADOLESCENTES CON DISCAPACIDAD INTELECTUAL  SINDROME DE DOWN Y AUTISMO,P82,1
ACD1702224L0,ASOCIACION CHIHUAHUENSE DE DIABETES AKAM SURA AC,ACOMPAÑAR Y APOYAR A PERSONAS QUE VIVEN CON DE DIABETES POR MEDIO DE PROCESOS EDUCATIVOS Y FORMATIVOS QUE IMPACTEN EN SU CONDICIÓN DE VIDA,E70,1
ACM190409LS6,AMIGOS DE CONEXION MIGRANTE AC,CONECTAR A LOS MIGRANTES QUE NECESITAN AYUDA CON AQUELLAS PERSONAS Y ORGANIZACIONES QUE PUEDEN AYUDARLOS EN PROCESOS TAN SIMPLES COMO OBTENER UNA IDENTIFICACIÓN Y TAN COMPLEJOS COMO ENFRENTAR UNA DEPORTACIÓN,P50,1
ADC211029JY8,"ASOCIACION DEPORTIVA, CAÑEROS MANTE AC",AYUDAR AL FORTALECIMIENTO DE LA SOCIEDAD A TRAVES DEL APOYO Y ORIENTACION A LA JUVENTUD CON ACTIVIDADES QUE DESARROLLEN SUS CAPACIDADES DE ACUERDO A SUS APTITUDES E INTERESES EN COMUN,O50,1
ADE210127BC1,ADELITAS DE DELICIAS AC,DESARROLLAR  Y PROMOVER LAS ACTIVIDADES PRODUCTIVAS Y PRODUCTOS GENERADOS LOCALMENTE A PARTIR DE LAS ACTIVIDADES PRIMARIAS MEDIANTE LA CONCIENTIZACION DEL CUIDADO DEL ENTORNO,K30,1
ADR190606BD8,AMAR DESDE LA RAIZ AC,ALIMENTACIÓN Y CONVIVENCIA QUE MEJORE SU LA CALIDAD DE VIDA EN DONDE SE PUEDE PERCIBIR UN AMBIENTE FAMILIAR DONDE LOS NIÑOS Y LOS ANCIANOS PUEDEN TENER UNA VIDA DIGNA,K30,1
AFC190208281,APOYO Y FOMENTO A LA CULTURA Y LAS ARTES AC,APOYO Y  FOMENTO  DE  CULTURA Y LAS  ARTES EN CUALQUIERA DE SUS MANIFESTACION ES,A20,1
AGC2306077E4,ASOCIACION DE GOBIERNOS Y COMUNIDADES PARA EL DESARROLLO SOCIAL INTEGRAL AC,GESTIONAR Y ATENDER SIN LUCRAR LA DEMANDA DE LOS CIUDADANOS MAS VULNERABLES,P20,1
AHA2209059Q1,SOCIEDAD DE ASISTENCIA HUMANITARIA ALFAS AC,PROMOVER LA CREACION DE COMEDORES SOCIALES PARA MEJORAR LAS CONDICIONES DE ACCESO A LA ALIMENTACIÓN DE LA POBLACIÓN VULNERABLE Y DE BAJOS RECURSOS,K35,1
AHD2103224X7,AHDRIAM AC,REALIZAR ASISTENCIA SOCIAL A LAS PERSONAS DE LA TERCERA EDAD QUE SE ENCUENTRAN DESAMPARADOS,P81,1
AME2008013G6,ACADEMIA MEXXIARTS AC,ACCIONAR A TRAVES DEL ARTE PARA LA TRANSFORMACION Y DESARROLLO DE NUESTRO ENTORNO,A20,1
ANJ220831AQ3,ALEGRANDO LA NIÑEZ EN JUAREZ AC,ALEGRANDO LA NIÑEZ EN JUÁREZ SE CONSTITUYE CON LA IDEOLOGÍA DE CREAR APOYOS Y PROGRAMAS EN BENEFICIO DE NIÑAS Y NIÑOS DE NUESTRA CIUDAD QUE SE ENCUENTREN EN ESTADO DE VULNERABILIDAD,P30,1
API211118KL9,ASOCIACION PROMESA INTERNACIONAL IAP,SUMAR ACCIONES QUE MEJOREN LA SEGURIDAD LA SALUD Y NUTRICIÓN DE LA POBLACIÓN MENOS FAVORECIDA EN MÉXICO,P20,1
APO220520SE5,ALIANZA DE PUEBLOS ORIGINARIOS ANCESTRALES Y TRIBALES DE ARIDOAMERICA Y MESOAMERICA AC,APOYAR A COMUNIDADES Y PUEBLOS INDIGENAS,R22,1
APP180601FZ9,ASOCIACION DE PSICOLOGIA Y PSICOMOTRICIDAD INFANTIL DE NUEVO LEON AC,SER RECONOCIDA COMO UNA  ASOCIACIÓN CON VALORES Y CON  RESPONSABILIDAD SOCIAL  CONTRIBUYENDO DE MANERA  EFECTIVA AL BIENESTAR FÍSICO Y  PSICOLÓGICO DE LOS PACIENTES,F60,1
ASA180823QF2,ASISTENCIA SOCIAL ALCALDE AC,PROPORCIONAR ATENCION MEDICA A PERSONAS DE BAJOS RECURSOS ECONOMICOS,E30,1
ASU2210144P8,ARCOIRIS DE SUEÑOS AC,FOMENTAR VALORES EN LA SOCIEDAD POR MEDIO DE REPRESENTACIONES ARTÍSTICAS Y CULTURALES,A20,1
ATC170710S8A,ASOCIACION DE LOS TRABAJADORES DE CAMPO DE BERRIES DE BAJA CALIFORNIA AC,CONTRIBUIR A UN DESARROLLO  SUSTENTABLE MEDIANTE  BIENESTAR SOCIAL  Y ECONÓMICO DE LAS  FAMILIAS  TRABAJADORAS DEL  CAMPO,K20,1
AUE191204I88,ALCANZAR UNA ESPERANZA AC,FOMENTAR VALORES HUMANOS EN LA FAMILIA ATRAVEZ DE LA AYUDA,P40,1
AUG1801197K4,ASOCIACION UNBOUND GUADALUPE AC,APOYAR A FAMILIAS Y COMUNIDADES ALREDEDOR DEL MUNDO EN SU PROPIO CAMINO PARA SALIR DE LA POBREZA,Q33,1
AVA211104S55,AUTISMO VALLE AZUL AC,OFRECER SERVICIOS DE CALIDAD QUE AYUDEN A INCREMENTAR UNA CALIDAD DE VIDA DE LAS PERSONAS CON TRASTORNO DE ESPECTRO AUTISTA,H84,1
AVC1708015K9,ASOCIACION VERACRUZANA CONTRA EL CANCER AC,LUCHAMOS CONTRA EL CANCER PARA DISMINUIR EL IMPACTO CAUSADO EN ESTA ENFERMEDAD Y MEJORAR LA CALIDAD DE VIDA DE LAS PERSONAS,G30,1
AYU2007298K8,AYUDOG AC,ESTERILIZAR AL MAYOR NÚMERO DE ANIMALES A TRAVÉS DE CAMPAÑAS DE ESTERILIZACIÓN PERMANENTES Y MASIVAS,D20,1
BAF1904179K0,BECAS ALFA FUNDACION AC,ES DESARROLLAR AL MÁXIMO EL TALENTO DE LOS JÓVENES DE NUEVO LEÓN Y DEL PAÍS A TRAVÉS DE APOYOS FINANCIEROS POR MEDIO DE BECAS,B82,1
BCO1410039X5,BAILAR CON EL CORAZON AC,OFRECER UNA NUEVA VIA DE REHABILITACIÓN FISICA Y COGNITIVA PARA ELEVAR LA CALIDAD DE VIDA DE NUESTROS PARTICIPANTES Y FAVORECER SU INCLUSION A LA SOCIEDAD,E50,1
BEK20092391A,BEKARUNA AC,BECAR A JÓVENES,B82,1
BJU180813CG4,BORDE JURIDICO AC,FORTALECER LOS SISTEMAS DE SEGURIDAD PUBLICA Y JUSTICIA PROMOVIENDO LA FORMACIÓN DE REDES CIUDADANAS Y MECANISMOS DE RENDICIÓN DE CUENTAS QUE IMPULSEN PROCESOS DE DISEÑO PARTICIPATIVO DE REGULACIÓN Y POLÍTICA PUBLICA EN ALIANZA CON LAS INSTITUCIONES PUBLICAS DE TODOS LOS NIVELES DE GOBIERNO,I50,1
BSA180727EL7,BAJO LAS SOMBRAS DE SUS ALAS AC,AYUDAR A LOS SECTORES MAS VULNERABLES,P20,1
BSA180727EL7,BAJO LAS SOMBRAS DE SUS ALAS AC,AYUDAR A LOS SECTORES MAS VULNERABLES,P99,1
BSO200709EX9,BIENESTAR SOCIAL ORGANIZADO AC,IMPULSAR EL DESARROLLO HUMANO DE TODO TIPO DE PERSONAS QUE SE ENCUENTREN EN UNA SITUACION DE VULNERABILIDAD PROPORCIONANDOLES ATENCION INTEGRAL ESPECIALIZADA BAJO UN ENFOQUE HUMANISTA Y DE CORRESPONSABILIDAD,P20,1
BSU170822EC2,BIOCULTURA SUSTENTABLE AC,IMPULSAR LA GENERACION DE COMUNIDADES Y FAMILIAS SOSTENIBLES CON UN ENFOQUE EDUCATIVO ORIENTADO AL RESPETO Y CUIDADO AMBIENTAL,C60,1
CAA2104212R7,CENTRO DE ALIANZA AMPARO Y FORTALEZA AC,BRINDAR ASISTENCIA Y REHABILITACIÓN MEDICA A PERSONAS CON ENFERMEDADES CRÓNICAS A TRAVÉS DE PROGRAMAS Y TALLERES DE RECUPERACIÓN SOCIAL,E50,1
CAC181122QK9,COMUNIDAD DE APRENDIZAJE 5 DE MAYO AC,FORTALECER LA AUTONOMIA DE LAS PERSONAS DESDE SUS COMUNIDADES RECONOCIWNDO SU CULTURA FACILICITANDO OPORTUNIDADES DE CRECIMIENTO MEDIANTE ACOMPAÑAMIENTO DE SUS PROCESOS EDUCATIVOS Y ARTISTICOS BRINDANDO SISTENCIA SOCIAL,P20,1
CAC900814RW0,CASA AMOR DE CUAUHTEMOC AC,BRINDAR HOGAR Y EDUCACION INTEGRAL A NIÑOS Y NIÑAS,P30,1
CAD120302SB9,CLUB ACTIVO 20 30 MUKIRA AC,PROPORCIONAR BIENESTAR Y ALEGRÍA A LOS MÁS NECESITADOS EN DELICIAS,P60,1
CAD170223EM6,CENTRO DE APOYO A LA DISCAPACIDAD AC,BRINDAY APOYO A PERSONAS CON DISCAPACIDAD,P82,1
CAD210906352,CENTRO DE ATENCION Y DESARROLLO PSICOEMOCIONAL EMOCIONARTE AC,LLEVAR A LAS COMUNIDADES Y SECTORES VULNERABLES ATENCIÓN Y SERVICIOS PARA EL DESARROLLO HUMANO,P20,1
CAE921022721,CENTRO DE ASESORIA ESPECIALIZADA SC,APOYAR ECONÓMICAMENTE LAS ACTIVIDADES DE PERSONAS MORALES AUTORIZADAS PARA RECIBIR DONATIVOS DEDUCIBLES DEL IMPUESTO SOBRE LA RENTA VIGENTE EN LA REPUBLICA MEXICANA,T12,1
CAI050725AC8,CENTRO DE ATENCION INFANTIL COMUNITARIO MI PEQUEÑO TONATIUH AC,LOGRAR LA INCLUSIÓN DE LA NIÑEZ MEDIANTE ACCIONES QUE PROMUEVAN EL RESPETO LA ENSEÑANZA LA EDUCACIÓN COMO UNA FORMA DE DESARROLLO HUMANO,P30,1
CAI2111234P5,CENTRO DE ATENCION INTEGRAL HUMANISTA COLIMA AC,BRINDAR CONFIANZA Y COMODIDAD A LAS PERSONAS PARA GARANTIZAR Y MEJORAR SUS CONDICIONES DE VIDA PERSONAL Y SOCIAL,P50,1
CAM1309232K1,CASA PARA ADULTOS MAYORES SERENIDAD AC,BRINDAR COMPANIA FÍSICA Y SOCIAL CON CALIDEZ HUMANA JUNTO CON LOS RECURSOS NECESARIOS PARA SATISFACER TODAS SUS NECESIDADES EN UN AMBIENTE ARMÓNICO Y SEGURO QUE ELEVE SU CÁLIDA DE VIDA DIARIA,P81,1
CAM2309114C4,CASA AMEYAL AC,BRINDAR ASISTENCIA O REHABILITACION  MÉDICA A  PERSONAS DE SECTORES O ESCSOS RECUROS Y ADULTOSW MAYYORES,E50,1
CAP210125TT3,CULTURA Y ARTE EN LOS PARQUES AC,PROMOVER LA CULTURA Y EL ARTE A TRAVÉS DE LA GENERACIÓN DE CONTENIDOS EDUCATIVOS E INFORMATIVOS  PROCURANDO SU PRÁCTICA Y EJECUCIÓN EN ESPACIOS PÚBLICOS FORTALECIENDO LAS POSIBILIDADES ARTÍSTICAS TRANSFORMADORAS DEL SER HUMANO Y SU VIDA EN COMUNIDAD,A20,1
CAR230530N49,CENTRO DE APOYO Y REGULARIZACION ESCOLAR DE CIUDAD JUAREZ AC,SERVICIOS,```B99```,1
CAS191204QMA,CENTRO DE APRENDIZAJE SAN DIEGO AC,OFRECER UN NIVEL DE ALTA CALIDAD EDUCATIVA EN DONDE LOS ALUMNOS DOMINEN CON PERFECCION EL AREA DE ESPAÑOL Y ADQUIERAN EL IDIOMA INGLES COMO SEGUNDA LENGUA,B20,1
CBA900327EB9,COLEGIO BOSQUES DEL ALBA SC,EDUCAR PARA LA TOMA DE DECISIONES Y LA CREACION DE IDEAS INNOVADORAS PARA EL DESARROLLO PERSONAL,B20,1
CBC180320AQ5,COMUNITARIA BC AC,PROMOVER LA TRANSFORMACION INTEGRAL A TRAVES DE LA PARTICIPACION COMUNITARIA DE MEXICO,S20,1
CBF201219EFA,COMISION BINACIONAL DE FRONTERAS UNIDAS AC,ORGANIZACION ENFOCADAS A PROMOVER LA PARCIPACION CIUDADANA,S24,1
CBF201219EFA,COMISION BINACIONAL DE FRONTERAS UNIDAS AC,ORGANIZACION ENFOCADAS A PROMOVER LA PARCIPACION CIUDADANA,S24,1
CBI200710BY6,COMPOSTATE BIEN AC,RECOLECCION DE RESIDUOS ORGANICOS CON LA FINALIDAD DE REDUCIR LOS NIVELES DE CONTAMINACION EN MEXICALI,C27,1
CCE180410EY0,"COMUNIDAD, CULTURA Y EDUCACION AC",TRANSFORMAR VIDAS,A23,1
CCE210225FV4,COMUNIDAD CRITICA DE ESCULTISMO POPULAR AC,SER UNA  INSTITUCION DE ASISTENCIAY DESARROLLO  SOCIAL SIN FIN DE LUCRO REALIZANDO ACTIVIDADES PARA LOGRAR MEJORES CONDICIONES DE SUBSISTENCIA Y DESARROLLO DE LOS BENEFICIARIOS MENORES DE EDAD DE ESCASOS RECURSOS EN ZONAS POPULARES Y DE COMUNIDADES INDIGENAS  QUE DESARROLLE ACTIVIDADES EDUCATIVAS NO FORMALES  TALLERES Y CURSOS CURSOS BASADOS EN EL MÉTODO SCOUT CRÍTICO POPULAR POSIBILITANDO SU SUBSISTENCIA Y DESARROLLO INTEGRAL AL PROMOVER LA TRANSFORMACIÓN DE SU REALIDAD HACIA CONDICIONES MÁS JUSTAS Y HUMANAS,P30,1
CCE210430TZ9,CESAUTISMO CENTRO POR EL ENTENDIMIENTO SOCIAL AL AUTISMO AC,GENERAMOS CONDICIONES SOCIALES PARA QUE LAS PERSONAS CON TEA SUS FAMILIARES Y TODOS CONVIVAMOS EN ESTE MUNDO,F84,1
CCE980521593,CUMBRES COMUNIDAD EDUCATIVA AC,LA MISIÓN DEL CUMBRES ES SERVIR A LA COMUNIDAD,``````,1
CCT1809187S9,CUENTA CONMIGO TEPIC AC,PROMOVER CONSOLIDAR U APOYAR LA PARTICIPACION SOCIAL COMPROMETIDA EN ENCAUSAR ACCIONES EN FAVOR DE LAS DEMANDAS  SOCIALES,R20,1
CCV160222E55,CREACION DE CULTURAS VISUALES AC,CONTRIBUIR ICÓNICAMENTE CON LA EDUCACIÓN Y LA DIFUSIÓN DE LOS MODOS DE VIDA Y PENSAMIENTO DE LOS GRUPOS SOCIALES Y A LAS FORMAS DE INTERRELACIÓN QUE SE HACEN POSIBLES ENTRE CREADORES,A23,1
CDC1805315J4,LA CASA DORADA DE CHICOLOAPAN AC,APOYAR A LOS ESTUDIANTES DE ESCASOS RECURSOS SIEMPRE PRIORIZANDO SU DESARROLLO,B82,1
CDC230919DX1,CENTRO DE DESARROLLO COMUNITARIO LEONA VICARIO MEXICO AC,APOYO A LOS PUEBLOS INDIGENAS,P84,1
CEA120806N78,CEACVI AC,APOYAR A LOS MAS NECESITADOS,P60,1
CEA1312129J3,CENTRO ESPIRITUAL AVATAR AC,CREACIÓN Y FORTALECIMIENTO DE ORGANIZACIONES QUE REALICEN ACTIVIDADES DE FOMENTO,"""""",1
CEM221209MH0,LA CASONA DEL EMIGRANTE Y MIGRANTE AC,PROVEER A LA COMUNIDAD MIGRANTE SERVICIOS BASICOS DE SUBSISTENCIA Y APOYO DE INTERES SOCIAL,P60,1
CFA1810094I2,CRONOPIOS Y FAMAS AC,PROMOVER EL TALENTO DE ARTISTAS EN LAS DIFERENTES ÁREAS CULTURALES,A20,1
CFE151119UI4,CHIHUAHUA FELIZ AC,TENER EN CHIHUAHUA A LOS NIÑOS Y NIÑAS MÁS FELICES DEL PAÍS,O50,1
CGU220519UJ6,EL CAMINO GUADALUPANO AC,SENSIBILIZAR A TRAVES DEL MENSAJE DE ESPERANZA BUSCAMOS ACERCAR EL ACONTECIMIENTO GUADALUPANO A LOS MÁS NECESITADOS OFRECIENDO ESPERANZA Y APOYO MATERIAL PARA LAS COMUNIDADES A TRAVES DE ESTOS ESFUERZOS CONTRIBUIMOS ACTIVAMENTE A LA RECONSTRUCCION DEL TEJIDO SOCIAL DE NUESTRA NACIÓN BUSCANDO CUBRIR LAS NECESIDADES BASICAS DE LOS INDIVIDUOS PARA FOMENTAR VALORES UNION Y ESPERANZA EN UN MUNDO MARCADO POR LA VIOLENCIA LA POBREZA Y LA FALTA DE SENTIDO,P20,1
CGU9507147C2,CECURA GUADALAJARA AC,EXTENDER EL APOYO A LAS PERSONAS QUE ESTÁN VIVIENDO MOMENTOS DIFÍCILES POR PROCESOS DE ENFERMEDAD Y DE DUELO POR MUERTE DE UN SER QUERIDO,P86,1
CHE841207RCA,CASA HOGAR EUGENIO DIAZ BARRIGA AC,PROMOVER EL BIENESTAR INTEGRAL DE LA NIÑEZ Y JUVENTUD DE ESCASOS RECURSOS POR MEDIO DE LAS CASAS HOGAR ESCUELAS ENSEÑANZA DE OFICIOS Y DISPENSARIOS MEDICOS Y ASISTENCIALES,P30,1
CHN170328212,COMBATIENDO EL HAMBRE DEL NIÑO AC,DAR ATENCION A NIÑOS CON ALIMENTES Y AYUDA EN SUS ESTUDIOS,K30,1
CHN201008AC2,CASA HOGAR NUESTRA SEÑORA DE LOS ANGELES AC,FORTALECER LA ATENCION SOCIAL A PERSONAS VULNERABLES DE LA TERCERA EDAD,P81,1
CID2108104S9,COMISION INTERNACIONAL DE DERECHOS HUMANOS EN MOVIMIENTO AC,AYUDAR A LOS SECTORES VULNERABLES DE LA SOCIEDAD,P50,1
CIT940325RX5,COLEGIO INTERNACIONAL TLALPAN SC,UNA COMUNIDAD QUE INSPIRA PASION POR EL APRENDIZAJE Y LA VIDA,B20,1
CJG230913QK4,CRECIENDO JUNTOS GHANIMA AC,BRINDAR ASISTENCIA INTEGRAL A PERSONAS Y COMUNIDADES EN SITUACION DE VULNERABILIDAD,P20,1
CMA221018LW3,CONSTRUYENDO MIS ALAS AC,PADRES Y MADRES ADOLESCENTES MEJOR CAPACITADOS PARA MAYORES OPORTUNIDADES,P45,1
CME221220I92,CAMINO AL MEMORIAL AC,CONTRIBUIR A DIGNIFICAR Y MEJORAR LAS CONDICIONES DE VIDA PERSONAL Y FAMILIAR EN COMUNIDADES MARGINADAS URBANAS,P20,1
CMF160822H67,CASA DE LA MISERICORDIA FAUSTA LAVALLE IAP,BRINDAR APOYO DE ALIMENTOS Y ALOJAMIENTO A PERSONAS DE ESCASOS RECURSOS EN SITUACION DE ABANDONO,P60,1
CMO170208952,CAMBIANDO MODELOS AC,CAMBIAR MODELOS DE PENSAMIENTO Y ESTRUCTURAS SOCIALES PARA ABRAZAR LA DIVERSIDAD Y LOGRAR LA INCLUSIÓN DE PERSONAS CON DISCAPACIDAD EN LA SOCIEDAD,R23,1
CMR170404339,CORRESPONSALIA DE MUJERES RESILIENTES EN CIUDAD JUAREZ AC,EMPODERAR A LAS MUJERES CONTRIBUYENDO EN LA PREVENCION DE SITUACIONES DE RIESGO EN CIUDAD JUAREZ,P30,1
COJ2203087JA,CARITAS OJINAGA AC,MEJORAR EL ESTADO NUTRICIONAL DE LAS PERSONAS DE ESCASOS RECUERSOS DE OJINAGA Y LA REGION PARA CONTRIBUIR A SU SALUD FISICA Y EMOCIONAL,K30,1
CON18032113A,CONCAUCE AC,SUMAR VOLUNTADES PARA AYUDAR A QUIEN MÁS LO NECESITA,P60,1
CPA180404MR8,COMITE PRO-MEJORAMIENTO DE LA ADUANA DE ALTAMIRA AC,PROMOVER MEJORAMIENTO DE LAS INSTALACIONES DE LA ADUANA DE ALTAMIRA,S20,1
CPJ180130SN3,CORO PBRO. JESUS RENDON AC,ACTIVIDADES ASISTENCIALES PROMOCION Y CULTURA,P20,1
CPM701231ML2,COLEGIO PATRIA MEXICANA AC,EDUCAR Y ENSEÑAR PARA TRANSFORMAR Y SERVIR,B20,1
CPN220825362,CRAF PROYECTO NEMESIS 24 HORAS AC,AYUDAR A LAS PERSONAS QUE TIENE ADICCIONES DE CUALQUIER TIPO,F22,1
CRU190731567,CENTRO DE REHABILITACION UNA NUEVA OPORTUNIDAD PARA VIVIR AC,SOMOS UNA INSTITUCION DEDICADA AL CUIDADO DE PERSONAS CON PROBLEMAS DE ADICCIONES QUE BRINDAN ATENCION A QUIENES SUFREN ESTE PROBLEMA O ALGUN TIPO DE DEPENDENCIA A TRAVES DE UN PROGRAMA DE PREVENCION Y TRATAMIENTO DE EFICINCIA Y EXPERIENCIA,F22,1
CRU190731567,CENTRO DE REHABILITACION UNA NUEVA OPORTUNIDAD PARA VIVIR AC,SOMOS UNA INSTITUCION DEDICADA AL CUIDADO DE PERSONAS CON PROBLEMAS DE ADICCIONES QUE BRINDAN ATENCION A QUIENES SUFREN ESTE PROBLEMA O ALGUN TIPO DE DEPENDENCIA A TRAVES DE UN PROGRAMA DE PREVENCION Y TRATAMIENTO DE EFICINCIA Y EXPERIENCIA,F22,1
CSA180213J82,CLINICA SAVI AC,OFRECER SERVICIOS DE ASISTENCIA Y REHABILITACIÓN MÉDICA Y ATENCIÓN EN ESTABLECIMIENTOS ESPECIALIZADOS PARA PERSONAS DE ESCASOS RECURSOS,E50,1
CSC181106IZ9,"CONTIGO SONREIMOS, CLINICA INTEGRAL DEL LABIO Y PALADAR HENDIDO AC",TRANSFORMAR LA VIDA DE LAS PERSONAS CON LABIO Y PALADAR HENDIDO PARA LOGRAR SU PLENA INCLUSION A LA SOCIEDAD,E50,1
CSM2108302P9,CLUB SHRINERS DE MEXICALI AC,MEJORAR LA CALIDAD DE VIDA DE LOS NIÑOS MEDIANTE LA ATENCIÓN MÉDICA AVANZADA CON EL OBJETO PRINCIPAL DE AYUDALOS A ALCANZAR SU MÁXIMO POTENCIAL,E86,1
CSM2108302P9,CLUB SHRINERS DE MEXICALI AC,MEJORAR LA CALIDAD DE VIDA DE LOS NIÑOS MEDIANTE LA ATENCIÓN MÉDICA AVANZADA CON EL OBJETO PRINCIPAL DE AYUDALOS A ALCANZAR SU MÁXIMO POTENCIAL,E86,1
CSN830919R89,CENTRO SOCIAL NAVARRETE AC,PROMOVER EL DESARROLLO INTEGRAL DE LOS TRABAJADORES DE ESCASOS RECURSOS BUSCANDO SU AUTOSUFICIENCIA,P20,1
CSO230213CB8,CAMBIO SOSTENIBLE AC,FOMENTAR ELDESARROLLO DE ESTRATEGIAS SOSTENIBLES Y SUSTENTABLES EN COMUNIDADES Y EMPRESAS DE MÉXICO,Q30,1
CSS911023CJ4,CENTRO DE SOLIDARIDAD Y SERVICIOS JUAN DIEGO IAP,DAR SIN FIN DE LUCRO ATENCION MEDICA Y CAPACITACION A PERSONAS DE ESCASOS RECURSOS,E99,1
CTC161209FX9,CODAPO TODA LA COMUNIDAD DE APOYO AC,CREAR COMUNIDADES DE APOYO A TRAVES DE LA SOCIEDAD ORGANIZADA PARA APOYAR SECTORES EN VULNERABILIDAD,P20,1
CUA161209JY4,CASA DE UNION Y AMOR NISSI AC,PROPORCIONAR SERVICIOS PARA LA ATENCION Y CUIDADO DE ANCIANOS Y DISCAPACIDAD,P81,1
CUF200714KD4,CUERVOS UNIDOS PARA EL FORTALECIMIENTO SOCIAL AC,REPRESENTA ESFUERZO POR CONSEGUIR ESA ORGANIZACION VINCULADORA Y PROMOTORA DEL CAMPO SOCIAL,S20,1
CUU230509U59,CACHANILLAS UNIDOS POR UNA SALUD INTEGRAL AC,VER POR EL BIENESTAR D ELA SPERSONAS,P00,1
CVT161222EB6,"CAMBIANDO VIDAS, TRANSFORMANDO EL MUNDO AC",PODER HACER CRECER A LA SOCIEDAD EN LOS DIFERENTES AMBITOS DE LA VIDA COMO SALUD INTEGRIDAD Y VALORES Y MEJORAMIENTO DE  LAS CONDICIONES DE VIDA DE CUALQUIER PERSONA EN SITUACION  VULNERABLE,P20,1
CVT161222EB6,"CAMBIANDO VIDAS, TRANSFORMANDO EL MUNDO AC",PODER HACER CRECER A LA SOCIEDAD EN LOS DIFERENTES AMBITOS DE LA VIDA COMO SALUD INTEGRIDAD Y VALORES Y MEJORAMIENTO DE  LAS CONDICIONES DE VIDA DE CUALQUIER PERSONA EN SITUACION  VULNERABLE,P20,1
DAM190910G27,DAR AGUA Y MAS AC,AYUDAR A OTROS EN NECESIDAD PARA QUE ELLOS PUEDAN SER AGENTES DE AYUDA,P20,1
DAS1912119K8,DI ASOCIADOS PARA EL SECTOR SOCIAL SC,CONTRIBUIR AL DESARROLLO SOCIAL DE MÉXICO A PARTIR DEL ACOMPAÑAMIENTO ÉTICO A LAS ORGANIZACIONES DE LA SOCIEDAD CIVIL Y EMPRESAS  SOCIALMENTE RESPONSABLES QUE REQUIEREN FORTALECIMIENTO PARA LA PROFESIONALIZACIÓN DE SU INTERVENCIÓN SOCIAL,A02,1
DCA110809KTA,DESARROLLO CULTURAL EN ACCION AC,RESGUARDAR Y PROMOVER LA GRANDEZA CULTURAL DE MEXICO,A23,1
DCF2011235L5,DILE AL CANCER FUNDACION AC,BUSCAR MEJORAR LA VIDA DE LOS JÓVENES QUE LUCHAN CONTRA EL CÁNCER Y APOYAR A SUS FAMILIAS DESDE EL MOMENTO DE SU DIAGNOSTICO HASTA EL PROCESO DE REMISIÓN A TRAVÉS DE DOS LINEAS DE ACCIÓN CONCIENTIZACIÓN Y PROGRAMAS DE APOYO,E86,1
DEU180718MR0,DEUNA AC,SER UNA ORGANIZACIÓN SIN FINES DE LUCRO QUE TIENE COMO BENEFICIARIOS EN TODAS Y CADA UNA DE SUS ACTIVIDADES A PERSONAS QUE SE ENCUENTREN EN CONDICIONES VULNERABLES CON EL OBJETO DE PRESTARLES SERVICIOS DE ASISTENCIA SOCIAL,P99,1
DFI231116L98,DIVERSA FUNDACION INTERNACIONAL PARA ORGANIZACIONES SOCIALES AC,MITIGAR LA POBREZA Y LA EXCLUSIÓN SOCIAL,P20,1
DHV150604DYA,DONDE HAY VIDA HAY ESPERANZA AC,APOYAR INTEGRALMENTE A LA MUJER EMBARAZADA EN SITUACION DE DESAMPARO Y CONCIENTIZAR EL INVALUABLE DON DE LA VIDA,P47,1
DHV150604DYA,DONDE HAY VIDA HAY ESPERANZA AC,APOYAR INTEGRALMENTE A LA MUJER EMBARAZADA EN SITUACION DE DESAMPARO Y CONCIENTIZAR EL INVALUABLE DON DE LA VIDA,P47,1
DIT1502186V5,POR EL DESARROLLO INTEGRAL DE LOS TRABAJADORES Y CAMPESINOS DE TABASCO AC,SER UNA ASOCIACION QUE CONTRIBUYA  A SOLUCIONAR LOS PROBLEMAS SOCIALES,P20,1
DJU230111AF3,DESAFIO JUAREZ AC,IMPULSAR Y PROMOVER LOS DERECHOS DE LAS JUVENTUDES A TRAVÉS DE PROGRAMAS Y LA INCIDENCIA EN POLÍTICAS PÚBLICAS QUE MEJOREN SU CALIDAD DE VIDA,R28,1
DNF1904172Y0,DESARROLLANDO NUEVO FUTURO AC,PROVEER AYUDA A LOS MAS DESFAVORECIDOS,P60,1
DPR220322DZ2,DROMOMANOS PRODUCTORA AC,ENTENDER AMÉRICA LATINA DESDE TU CALLE,Q20,1
DSF0804084K9,DERECHOS SIN FRONTERAS AC,AYUDAR A FAMILIAS DE MIGRANTES QUE SE VAN A ESTADOS UNIDOS DE AMERICA Y DEJAN DESPROTEJIDOS PARA SU FUTURO,P20,1
DSO211007EP3,DINAMISMO SOCIAL AC,IMPACTO POSITIVO EN LA SOCIEDAD,P99,1
DTR121122PX3,DESPERTAR PARA TRANSFORMAR AC,AYUDAR A LOS MAS NECESITADOS,P60,1
DTT190604D37,DESCUBRIENDO TALENTOS A TRAVES DE LA EDUCACION EL ARTE Y EL DEPORTE AC,COLABORAR CON LA SOCIEDAD EN EL MEJORAMIENTO SOCIAL,```,1
EAC181005NS5,ESTRATEGIAS  DE ADAPTACION AL CAMBIO CLIMATICO AC,CUIDAR Y FOMENTAR EL MANTENIMIENTO DEL MEDIO AMBIENTE,C99,1
EAR200508V14,EARTH ARMY AC,SEMBRAR ÁRBOLES Y GENERAR CONCIENCIA AMBIENTAL EN LAS PERSONAS PARA MITIGAR EL CAMBIO CLIMATICO,C30,1
ECO1704101ZA,ECORI AC,CREAR PROGRAMAS DE CAPACITACION PARA MUJERES EMPRENDEDORAS EN COMUNIDADES VULNERABLES DEL ESTADO DE OAXACA,P30,1
ECO1910214S7,ECOMPARTIDAS AC,CAMBIAR A MEXICO UNA COLONIA A LA VEZ,S20,1
ECS240223AX1,ENFOQUE Y CAMBIO SISTEMICO AC,PROMOVEMOS LA DEFENSA DE LOS DERECHOS HUMANOS EL FORTALECIMIENTO DE LA PAZ Y EL EMPODERAMIENTO CIVICO CON EL PROPOSITO DE CONSTRUIR SOCIEDADES MAS JUSTAS Y EQUITATIVAS QUE SEAN CAPACES DE RESISTIR Y ADAPTARSE A LOS CAMBIOS ASEGURANDO LA SOSTENIBILIDAD A LARGO PLAZO,R20,1
ECT191112RE9,EXPLORACION DE LA CONSCIENCIA EN LAS TRADICIONES ANCESTRALES AC,LA PROMOCIÓN Y DEFENSA DE LOS DERECHOS HUMANOS,R20,1
ECU230829978,ECUMENIC AC,FORMAMOS INDIVIDUOS PARA LOGRAR UNA MEJOR SOCIEDAD,``````,1
EDE190219338,EDIFICANDO DESTINOS AC,SOMOS UNA ORGANIZACION DEDICADA A BRINDAR A LAS MUJERES Y MENORES VICTIMAS DE VIOLENCIA UN ESPACIO ARMONICO Y SEGURO CON SERVICIOS INTEGRALES PARA ELEVAR SU CALIDAD DE VIDA,P43,1
EDI2101201Q7,ESTRELLITAS DE DIOS AC,BRINDAR ASISTENCIA SOCIAL DE MANERA INTEGRAL A MENORES EN ESTADO DE ORFANDAD Y CONTRIBUIR A SU DESARROLLO HUMANO,P30,1
EEI160421IU5,ESTANCIA EDUCATIVA INTEGRAL DE AUTISMO AC,SOMOS UNA ESTANCIA EDUCATIVA QUE CONTRIBUYE CON EL DESARROLLO INTEGRAL DE PERSONAS CON AUTISMO PROPORCIONANDO ATENCIÓN PROFESIONAL PARA MEJORAR SU DESEMPEÑO EN SU ENTORNO FAMILIAR E INCLUSIÓN SOCIAL,P82,1
EES2007145H9,ESCUELA DE ESTUDIOS SUPERIORES EN ESPIRITUALIDAD AC,APOYAR A LAS PERSONAS POR MEDIO DE LA EDUCACION ORIENTADA A SER MEJORES EN SU TRABAJO PARA QUE ESA PARTE DE SU VIDA SEAN MAS FELICES Y MAS PRODUCTIVOS,B60,1
EJQ180529EXA,ESCUELA JAPONESA DE QUERETARO AC,BRINDAR OPORTUNIDADES DE INTERCAMBIO CULTURAL PARA TODA LA GENTE EN GENERAL,Q21,1
EME170704F86,ENTRELAZANDO MEXICO AC,CONECTAR PERSONAS QUE COMPARTEN UNA MISMA CAUSA PARA TRANSFORMAR PROBLEMAS GLOBALES A TRAVES DE SOLUCIONES INNOVADORAS,Q20,1
ENA191205DF8,EDUCACION NATURA AC,SER UN AMBIENTE MULTIPLICADOR DE TODO POTENCIAL HUMANO,,1
ENO181031KE3,ESPACIO NANCARROW OGORMAN AC,DIFUSIÓN DE LA CULTURA ATRAVEZ DE LA OBRA DE JUAN OGORMAN Y LA MUSICA DE NAN CARROW,A20,1
EPG801014DA0,ENFERMERAS PRACTICAS GRATUITAS A DOMICILIO DE GUADALAJARA AC,ATENDER CON CALIDAD A LOS ENFERMOS MAS NECESITADOS A DOMICILIO EN TODAS SUS NECESIDADES SIN DISTINCIÓN,E92,1
ETP221104NX2,EXPLORA TU POTENCIAL CIUDAD JUAREZ AC,APOYAR A LAS PERSONAS Y SUS FAMILIAS CON TRASTORNO DEL ESPECTRO AUTISTA A DESARROLLAR AL MAXIMO SUS HABILIDADES Y MEJORAR SU CALIDAD DE VIDA,F84,1
FAB010830AR7,FUNDACION ABUASALE AC,LA ATENCIÓN A ANCIANOS Y MENORES QUE POR PROBLEMAS DE INVALIDEZ O DISCAPACIDADES FÍSICAS O MENTALES SE VEAN IMPEDIDAS PARA SATISFACER SUS REQUERIMIENTOS BÁSICOS DE SUBSISTENCIA Y DESARROLLO,P30,1
FAC230404PC3,FUNDACION AMANDOTE EN CONSCIENCIA AC,GENERAR CRECIMIENTO EN LA SALUD EMOCIONAL Y BIENESTAR DE MUJERES QUE SUFREN VIOLENCIA DOMÉSTICA MEDIANTE CURSOS Y TALLERES QUE IMPACTAN SU CALIDAD DE VIDA FORTALECIENDO SU AUTOESTIMA SU RELACIÓN CONSIGO MISMAS Y EN SUS HOGARES PROPORCIONANDO ADEMAS HERRAMIENTAS PARA LOGRAR SU INDEPENDENCIA ECONÓMICA MEDIANTE PROYECTOS PRODUCTIVOS,P43,1
FAF1604191X8,FUNDACION AMOR Y FUERZA LESCH NYHAN AC,INVESTIGACION EN LABORATORIOS ESPECIALIZADOS EN GENETICA EN MEXICO Y EL MUNDO SERVICIOS DE ASISTENCIA Y REHABILITACION MEDICA O ATENCION EN ESTABLECIMIENTOS ESPECIALIZADOS,H20,1
FAG180627FD6,"FUNDACION DE ASISTENCIA, GENERACION E INNOVACION EN SALUD GENIS AC",OFRECER A LA COMUNIDAD SERVICIOS DE ASIETENCIA EN LA SALUD,E99,1
FAH2401303Y9,FUNDACION AUN HAY MUCHO POR VER AC,SER UNA ORGANIZACIÓN REFERENTE EN AMÉRICA LATINA EN LA ATENCIÓN INTEGRAL TEMPRANA Y OPORTUNA DE NIÑAS Y NIÑOS CON DISCAPACIDAD VISUAL EN SITUACIÓN DE VULNERABILIDAD PROMOVIENDO SU DESARROLLO INCLUSIÓN Y AUTONOMÍA PARA QUE ALCANCEN SU MÁXIMO POTENCIAL,P30,1
FAI191018QK2,FIDEICOMISO DE ADMINISTRACION E INVERSION IRREVOCABLE DE APOYO ECONOMICO A INSTITUCIONES EDUCATIVAS DONATARIAS AUTORIZADAS NUMERO F/4028 SIN TIPO DE SOCIEDAD,APOYO A DONATARIAS,B12,1
FAL1704068Q5,FUNDACION ALDARA AC,BRINDAR ATENCIÓN EN MATERIA DE ASISTENCIALISMO A PERSONAS Y SECTORES VULNERABLES,P60,1
FAL190201KA8,FUNDACION AYUDAME A LOGRARLO YUCATAN AC,GENERAR UN CAMBIO EN EL ENTORNO DE FAMILIAS EN SITUACIONES DE POBREZA O VULNERABILIDAD EN LAS COMUNIDADES DE YUCATAN A TRAVES DE DIFERENTES PROGRAMAS SOCIALES,P20,1
FAM1807107T7,FUNDACION ARTE Y MUNDO SOSTENIBLE AC,DESARROLLAR Y APLICAR UN SISTEMA DE CONSUMO E INFRAESTRUCTURA SOSTENIBLE Y SUSTENTABLE PONIENDO EN MARCHA PROPUESTAS PARA DIVERSOS SISTEMAS QUE CALIFIQUEN FAVORABLEMENTE A LA SUSTENTABILIDAD,C30,1
FAN170821BZA,FUNDACION APOYO A LOS NECESITADOS AC,SER UNA ORGANIZACIÓN COMPROMETIDA A AYUDAR A LOS MÁS NECESITADOS Y ASÍ CONTRIBUIR A LA CONSTRUCCIÓN DE UNA SOCIEDAD MÁS JUSTA Y MEJOR,P60,1
FAO170720KL3,FUNDACION AGUA DE OBISPO AC,APOYO AL SECTOR VULNERABLE DE LA REGION,P60,1
FAO210602823,FUNDACION DE ALZHEIMER Y OTRAS DEMENCIAS AC,CONSOLIDAR LA ATENCION Y EL ABORDAJE INTEGRAL A PERSONAS QUE VIVEN CON DEMENCIA Y SUS FAMILIAS A TRAVEZ DE SUS PROYECTOS ENFOCADOS A SUS NECESIDADES A TRAVEZ DE UN TRATO DIGNO,G83,1
FAP2209276K6,FUNDACION ARCA DEL PACTO IAP,REHABILITACION DE ALCOHOLICOS ANONIMOS Y FARMACO DEPENDIENTES DE AMBOS SEXOS CON ATENCION PERSONALIZADA,F22,1
FAP230804DZ6,FUNDACION DE ASISTENCIA A PERSONAS CON LIMITACIONES CAMINEMOS JUNTOS DE LA MANO AC,PROMOVEMOS EL BIENESTAR DE LAS NIÑAS Y NIÑOS CON DISCAPACIDAD A TRAVES DEL DESARROLLO PSICOPEDAGOGICO,P82,1
FAT220201IZ7,FUNDACION ASEMINEI TRI 21 AC,SOMOS UNA ASOCIACION CIVIL DEDICADA A LA ATENCIÓN ESPECIALIZADA DE NIÑOS Y ADOLESCENTES CON ALGUNA DISCAPACIDAD Y TRASTORNOS EN EL NEURODESARROLLO CON LA FINALIDAD DE FAVORECER SU INTEGRACIÓN EDUCATIVA Y SOCIAL,P82,1
FAU160816FZA,FUNDACION ALMITAS UNIDAS AC,SOMOS UNA FUNDACION SIN FINES DE LUCRO COMPROMETIDA POR AYUDAR DE MANERA INTEGRA A NIÑOS  JOVENES Y SUS FAMILIAS DURANTE EL PROCESO DE ENFERMEDAD ONCOLOGICA BRINDANDO ESPERANZA DE TENER CALIDAD DE VIDA Y NUEVAS OPORTUNIDADES,P30,1
FBC181123M37,FUNDACION B+C AC,ESTABLECEMOS SOLUCIONES INTEGRALES PROGRESIVAS QUE PERMITAN REALIZAR CAMBIOS EN LOS SECTORES MAS REZAGADOS PARA TRANSFORMAR A LOS GRUPOS VULNERABLES CONVIRTIENDOLOS EN AGENTES DE CAMBIOS DE ALTO IMPACTO,P20,1
FBI1902196G9,FUNDACION BORDER INITIATIVE DE ROOT INTERNATIONAL I A S P,REDUCIR LA CARENCIA DE LAS NECESIDADES BÁSICAS DE LAS FAMILIAS PARA CONTRIBUIR EN MEJORAR SU SALUD FÍSICA Y MENTAL EN LA REGIÓN NORTE DEL ESTADO DE CHIHUAHUA,P60,1
FCA1011249M0,FUNDACION CLUB ACTIVO 20-30 I A S P,SER UNA ASOCIACION SIN FINES DE LUCRO QUE TIENE COMO BENEFICIARIOS EN TODAS Y CADA UNA DE LAS ACTIVIDADES ASISTENCIALES QUE REALIZA A PERSONAS Y SECTORES DE ESCASOS RECURSOS,P60,1
FCC180612QT1,FUNDACION COMUNITARIA CHIAPAS AC,IMPULSAR LA PARTICIPACION DE LA SOCIEDAD PARA COORDINAR EL DESARROLLO SOCIAL EN LOS ESTADOS DE ALTA MARGINACION CON EL PROPOSITO DE SUPERAR LA POBREZA  Y VULNERABILIDAD PARA LOGRAR MAYORES NIVELES  DE BIENESTAR DE LA POBLACION,Q30,1
FCI210428G17,FUNDACION CICLICA AC,PROMOVEMOS PRACTICAS SUSTENTABLES MEDIANTE EL DESARROLLO DE PROYECTOS Y VOLUNTARIADOS,C30,1
FCN760317QR9,FUNDACION CULTURAL DEL NOROESTE AC,TRANSFORMAR LA COSMOVISION RELACIONADA CON LA LIBERTAD Y AUTONOMIA EN LAS PERSONAS DE LA COMUNIDAD MENONITA POTENCIANDO EL DESARROLLO INTEGRAL DE LAS FAMILIAS,A23,1
FCT160411CR1,FUNDACION EN CUENTOS TE ENCUENTRO AC,CREAR UNA CULTURA DE PREVENCIÓN PARA EVITAR PROBLEMÁTICAS EMOCIONALES MÁS SEVERAS A FUTURO DE LOS BENEFICIARIOS DE LA FUNDACIÓN,F30,1
FCT180502936,FORMACION EN CIENCIA Y TECNOLOGIA AC,SER UNA ASOCIACIÓN CERCANA A LA GENTE CON LA PRESTACIÓN DE SERVICIOS ASISTENCIALES Y VARIOS QUE SE SEÑALAN EN EL OBJETO SOCIAL,```,1
FDC210922RC3,FUNDACION DR. CONTRERAS IAP,OTORGAR SERVICIO HUMANITARIO EN UAN DIRECCION DE CERTEZA EN QUIEN MAS LO NECESITE,P60,1
FDU180404QXA,FUNDACION DAME UNA PATA AC,AYUDAR A TODO SER VIVO QUE ESTE EN SITUACION DE VULNERABILIDAD PARA MEJORAR SU CALIDAD DE VIDA,D20,1
FEA220705JWA,FUNDACION EMMA A. DE BUSTAMANTE AC,BENEFICIAR A NIÑOS Y NIÑAS A MEJORAR SU EDUCACIÓN,B82,1
FEM180606V1A,FUNDACION EMPODERANDO MUJERES AC,LOGRAR GENERAR IMPACTO CON LA SOCIEDAD LOGRAR MUJERES EMPODERADAS,R24,1
FES2403043NA,FUNDACION ESPACIOS IAP,CREAR ESPACIOS DE CONSONANCIA PARA LA SOCIEDAD EN MÉXICO,A23,1
FFD220914CMA,FUNDACION FORJANDO DIAMANTES AC,SER UNA FUNDACIÓN QUE APOYE A LOS SECTORES DE ESCASOS RECURSOS Y GRUPOS DE PERSONAS BULNERABLES,P00,1
FFE200929J2A,FUNDACION FERBEL AC,LA MISION DE FUNDACION FERBEL ES IMPULSAR UN CAMBIO POSITIVO Y SOSTENIBLE EN LAS COMUNIDADES EN DONDE BRINDEMOS APOYO,S20,1
FFU2311104J8,FUNDACION FORJANDO UN ANGEL AC,MEJORAR LA CALIDAD DE VIDA DE LOS NIÑOS CON ALGUNA ENFERMEDAD QUE PONGA EN RIESGO SU VIDAY PROMOVER SU INCLUSIÓN SOCIAL,P30,1
FGC2310102M6,FUNDACION G CAABSA AC,NUESTRA MISIÓN ES CONTRIBUIR AL DESARROLLO DE NUESTROS COLABORADORES ASÍ COMO EL DE NUESTRA SOCIEDAD A TRAVÉS DE PROGRAMAS QUE IMPULSEN LA ADQUISICIÓN DE NUEVOS CONOCIMIENTOS QUE APORTEN A SUS VIDAS,P00,1
FHA220601AY0,FUNDACION HE AQUI AGUA AC,FOMENTAR LA AYUDA A LA COMUNIDAD A TRAVES DE PROGRAMAS SOCIALES Y FORMACION A JOVENES Y ADULTOS PARA EL TRABAJO,P20,1
FHD1912189V4,FUNDACION HUMANISTICA DEMOCRATICA AC,PROMOVER Y DEFENDER LOS VALORES HUMANOS Y LA DEMOCRACIA FOMENTANDO LA PARTICIPACION CIUDADANA LA JUSTICIA SOCIAL Y EL DESARROLLO INTEGRAL DE LAS PERSONAS Y LAS COMUNIDADES,R20,1
